year,veg_class,n_polygons,area_acres,composite_productivity,sar_productivity,prod_tier,is_placeholder,biomass_scenario,biomass_mt
2023,Bare Soil,760,138.7,0.0,0.0,1,True,conservative_0p3,0.0
2023,Bare Soil,760,138.7,0.0,0.0,1,True,moderate_0p6,0.0
2023,Bare Soil,760,138.7,0.0,0.0,1,True,optimistic_1p2,0.0
2023,Beakrush,278,416.05,0.0,0.0803,0,True,conservative_0p3,0.0
2023,Beakrush,278,416.05,0.0,0.0803,0,True,moderate_0p6,0.0
2023,Beakrush,278,416.05,0.0,0.0803,0,True,optimistic_1p2,0.0
2023,Broadleaf Marsh,2444,2825.41,0.4249,0.7188,0,True,conservative_0p3,1457.4
2023,Broadleaf Marsh,2444,2825.41,0.4249,0.7188,0,True,moderate_0p6,2914.79
2023,Broadleaf Marsh,2444,2825.41,0.4249,0.7188,0,True,optimistic_1p2,5829.58
2023,Bulrush,3976,2013.54,0.0571,0.3037,0,True,conservative_0p3,139.68
2023,Bulrush,3976,2013.54,0.0571,0.3037,0,True,moderate_0p6,279.37
2023,Bulrush,3976,2013.54,0.0571,0.3037,0,True,optimistic_1p2,558.73
2023,Cabbage Palm Hammock,199,127.09,0.7003,0.8098,2,True,conservative_0p3,108.05
2023,Cabbage Palm Hammock,199,127.09,0.7003,0.8098,2,True,moderate_0p6,216.1
2023,Cabbage Palm Hammock,199,127.09,0.7003,0.8098,2,True,optimistic_1p2,432.21
2023,Cattail,6105,18640.98,0.4528,0.815,0,True,conservative_0p3,10248.13
2023,Cattail,6105,18640.98,0.4528,0.815,0,True,moderate_0p6,20496.25
2023,Cattail,6105,18640.98,0.4528,0.815,0,True,optimistic_1p2,40992.5
2023,Cloud,3,1345.07,0.0,0.0,1,True,conservative_0p3,0.0
2023,Cloud,3,1345.07,0.0,0.0,1,True,moderate_0p6,0.0
2023,Cloud,3,1345.07,0.0,0.0,1,True,optimistic_1p2,0.0
2023,Cordgrass,740,1399.68,0.2757,0.5401,2,True,conservative_0p3,468.42
2023,Cordgrass,740,1399.68,0.2757,0.5401,2,True,moderate_0p6,936.85
2023,Cordgrass,740,1399.68,0.2757,0.5401,2,True,optimistic_1p2,1873.69
2023,Cypress,7,22.11,0.6436,0.8194,2,True,conservative_0p3,17.27
2023,Cypress,7,22.11,0.6436,0.8194,2,True,moderate_0p6,34.55
2023,Cypress,7,22.11,0.6436,0.8194,2,True,optimistic_1p2,69.1
2023,Dead Vegetation,1695,2350.52,0.0,0.0,1,True,conservative_0p3,0.0
2023,Dead Vegetation,1695,2350.52,0.0,0.0,1,True,moderate_0p6,0.0
2023,Dead Vegetation,1695,2350.52,0.0,0.0,1,True,optimistic_1p2,0.0
2023,Floating Leaf Marsh,8565,7641.11,0.666,0.0673,0,True,conservative_0p3,6178.75
2023,Floating Leaf Marsh,8565,7641.11,0.666,0.0673,0,True,moderate_0p6,12357.5
2023,Floating Leaf Marsh,8565,7641.11,0.666,0.0673,0,True,optimistic_1p2,24714.99
2023,Grass Sedge Marsh,1680,3746.53,0.0595,0.3303,2,True,conservative_0p3,270.58
2023,Grass Sedge Marsh,1680,3746.53,0.0595,0.3303,2,True,moderate_0p6,541.16
2023,Grass Sedge Marsh,1680,3746.53,0.0595,0.3303,2,True,optimistic_1p2,1082.32
2023,Hardwood Swamp,1187,1103.71,0.7003,0.8098,2,True,conservative_0p3,938.4
2023,Hardwood Swamp,1187,1103.71,0.7003,0.8098,2,True,moderate_0p6,1876.81
2023,Hardwood Swamp,1187,1103.71,0.7003,0.8098,2,True,optimistic_1p2,3753.62
2023,Low Growing Emergent Marsh,4150,3709.35,0.9888,0.7905,0,True,conservative_0p3,4453.05
2023,Low Growing Emergent Marsh,4150,3709.35,0.9888,0.7905,0,True,moderate_0p6,8906.11
2023,Low Growing Emergent Marsh,4150,3709.35,0.9888,0.7905,0,True,optimistic_1p2,17812.21
2023,Maidencane Egyptian Paspalidium,1283,1838.58,0.0595,0.3303,0,True,conservative_0p3,132.78
2023,Maidencane Egyptian Paspalidium,1283,1838.58,0.0595,0.3303,0,True,moderate_0p6,265.57
2023,Maidencane Egyptian Paspalidium,1283,1838.58,0.0595,0.3303,0,True,optimistic_1p2,531.14
2023,Mixed Herbaceous Marsh,4977,6336.95,0.4249,0.7188,2,True,conservative_0p3,3268.71
2023,Mixed Herbaceous Marsh,4977,6336.95,0.4249,0.7188,2,True,moderate_0p6,6537.42
2023,Mixed Herbaceous Marsh,4977,6336.95,0.4249,0.7188,2,True,optimistic_1p2,13074.84
2023,Open Water,1357,22479.38,0.0,0.0,1,True,conservative_0p3,0.0
2023,Open Water,1357,22479.38,0.0,0.0,1,True,moderate_0p6,0.0
2023,Open Water,1357,22479.38,0.0,0.0,1,True,optimistic_1p2,0.0
2023,Phragmites,2438,1466.89,0.5322,0.6823,0,True,conservative_0p3,947.83
2023,Phragmites,2438,1466.89,0.5322,0.6823,0,True,moderate_0p6,1895.67
2023,Phragmites,2438,1466.89,0.5322,0.6823,0,True,optimistic_1p2,3791.34
2023,Pond Apple,139,229.68,0.7003,0.8098,2,True,conservative_0p3,195.28
2023,Pond Apple,139,229.68,0.7003,0.8098,2,True,moderate_0p6,390.57
2023,Pond Apple,139,229.68,0.7003,0.8098,2,True,optimistic_1p2,781.13
2023,Sawgrass,1022,3224.1,0.437,0.6181,0,True,conservative_0p3,1710.65
2023,Sawgrass,1022,3224.1,0.437,0.6181,0,True,moderate_0p6,3421.3
2023,Sawgrass,1022,3224.1,0.437,0.6181,0,True,optimistic_1p2,6842.59
2023,Shrub Swamp,2649,3838.27,0.7003,0.8098,0,True,conservative_0p3,3263.4
2023,Shrub Swamp,2649,3838.27,0.7003,0.8098,0,True,moderate_0p6,6526.8
2023,Shrub Swamp,2649,3838.27,0.7003,0.8098,0,True,optimistic_1p2,13053.59
2023,Spikerush,307,1498.98,0.1015,0.1778,0,True,conservative_0p3,184.65
2023,Spikerush,307,1498.98,0.1015,0.1778,0,True,moderate_0p6,369.3
2023,Spikerush,307,1498.98,0.1015,0.1778,0,True,optimistic_1p2,738.61
2023,Torpedograss,1984,8047.58,0.2757,0.5401,0,True,conservative_0p3,2693.24
2023,Torpedograss,1984,8047.58,0.2757,0.5401,0,True,moderate_0p6,5386.47
2023,Torpedograss,1984,8047.58,0.2757,0.5401,0,True,optimistic_1p2,10772.94
2023,Wet Prairie,131,507.52,0.2757,0.5401,2,True,conservative_0p3,169.85
2023,Wet Prairie,131,507.52,0.2757,0.5401,2,True,moderate_0p6,339.7
2023,Wet Prairie,131,507.52,0.2757,0.5401,2,True,optimistic_1p2,679.4
2023,Willow,5415,21405.12,0.6436,0.8194,0,True,conservative_0p3,16726.42
2023,Willow,5415,21405.12,0.6436,0.8194,0,True,moderate_0p6,33452.85
2023,Willow,5415,21405.12,0.6436,0.8194,0,True,optimistic_1p2,66905.7
2024,Bare Soil,262,38.72,0.0,0.0,1,False,conservative_0p3,0.0
2024,Bare Soil,262,38.72,0.0,0.0,1,False,moderate_0p6,0.0
2024,Bare Soil,262,38.72,0.0,0.0,1,False,optimistic_1p2,0.0
2024,Beakrush,85,502.13,0.0975,0.1976,0,False,conservative_0p3,59.45
2024,Beakrush,85,502.13,0.0975,0.1976,0,False,moderate_0p6,118.9
2024,Beakrush,85,502.13,0.0975,0.1976,0,False,optimistic_1p2,237.8
2024,Broadleaf Marsh,3766,4069.41,0.427,0.7139,0,False,conservative_0p3,2109.66
2024,Broadleaf Marsh,3766,4069.41,0.427,0.7139,0,False,moderate_0p6,4219.32
2024,Broadleaf Marsh,3766,4069.41,0.427,0.7139,0,False,optimistic_1p2,8438.65
2024,Bulrush,7891,2743.81,0.1431,0.407,0,False,conservative_0p3,476.71
2024,Bulrush,7891,2743.81,0.1431,0.407,0,False,moderate_0p6,953.42
2024,Bulrush,7891,2743.81,0.1431,0.407,0,False,optimistic_1p2,1906.85
2024,Cabbage Palm Hammock,463,129.77,0.6622,0.8168,2,False,conservative_0p3,104.33
2024,Cabbage Palm Hammock,463,129.77,0.6622,0.8168,2,False,moderate_0p6,208.66
2024,Cabbage Palm Hammock,463,129.77,0.6622,0.8168,2,False,optimistic_1p2,417.32
2024,Cattail,7100,17236.26,0.4195,0.7827,0,False,conservative_0p3,8778.78
2024,Cattail,7100,17236.26,0.4195,0.7827,0,False,moderate_0p6,17557.57
2024,Cattail,7100,17236.26,0.4195,0.7827,0,False,optimistic_1p2,35115.13
2024,Cordgrass,601,402.74,0.2686,0.5835,2,False,conservative_0p3,131.34
2024,Cordgrass,601,402.74,0.2686,0.5835,2,False,moderate_0p6,262.68
2024,Cordgrass,601,402.74,0.2686,0.5835,2,False,optimistic_1p2,525.35
2024,Cypress,5,70.55,0.6247,0.8179,2,False,conservative_0p3,53.51
2024,Cypress,5,70.55,0.6247,0.8179,2,False,moderate_0p6,107.01
2024,Cypress,5,70.55,0.6247,0.8179,2,False,optimistic_1p2,214.02
2024,Dead Vegetation,1674,1423.51,0.0,0.0,1,False,conservative_0p3,0.0
2024,Dead Vegetation,1674,1423.51,0.0,0.0,1,False,moderate_0p6,0.0
2024,Dead Vegetation,1674,1423.51,0.0,0.0,1,False,optimistic_1p2,0.0
2024,Floating Leaf Marsh,8284,8599.82,0.6604,0.0235,0,False,conservative_0p3,6894.91
2024,Floating Leaf Marsh,8284,8599.82,0.6604,0.0235,0,False,moderate_0p6,13789.82
2024,Floating Leaf Marsh,8284,8599.82,0.6604,0.0235,0,False,optimistic_1p2,27579.63
2024,Free Floating plants,710,88.18,0.6604,0.0235,2,False,conservative_0p3,70.7
2024,Free Floating plants,710,88.18,0.6604,0.0235,2,False,moderate_0p6,141.39
2024,Free Floating plants,710,88.18,0.6604,0.0235,2,False,optimistic_1p2,282.79
2024,Grass Sedge Marsh,1993,1036.79,0.0578,0.3696,2,False,conservative_0p3,72.76
2024,Grass Sedge Marsh,1993,1036.79,0.0578,0.3696,2,False,moderate_0p6,145.52
2024,Grass Sedge Marsh,1993,1036.79,0.0578,0.3696,2,False,optimistic_1p2,291.05
2024,Hardwood Swamp,1925,931.0,0.6622,0.8168,2,False,conservative_0p3,748.49
2024,Hardwood Swamp,1925,931.0,0.6622,0.8168,2,False,moderate_0p6,1496.98
2024,Hardwood Swamp,1925,931.0,0.6622,0.8168,2,False,optimistic_1p2,2993.97
2024,Levee/Road,20,111.77,0.0,0.0,1,False,conservative_0p3,0.0
2024,Levee/Road,20,111.77,0.0,0.0,1,False,moderate_0p6,0.0
2024,Levee/Road,20,111.77,0.0,0.0,1,False,optimistic_1p2,0.0
2024,Low Growing Emergent Marsh,7791,4353.04,1.0,0.8012,0,False,conservative_0p3,5284.85
2024,Low Growing Emergent Marsh,7791,4353.04,1.0,0.8012,0,False,moderate_0p6,10569.7
2024,Low Growing Emergent Marsh,7791,4353.04,1.0,0.8012,0,False,optimistic_1p2,21139.39
2024,Maidencane Egyptian Paspalidium,1017,1596.47,0.0578,0.3696,0,False,conservative_0p3,112.04
2024,Maidencane Egyptian Paspalidium,1017,1596.47,0.0578,0.3696,0,False,moderate_0p6,224.08
2024,Maidencane Egyptian Paspalidium,1017,1596.47,0.0578,0.3696,0,False,optimistic_1p2,448.16
2024,Mixed Herbaceous Marsh,5890,5301.96,0.427,0.7139,2,False,conservative_0p3,2748.64
2024,Mixed Herbaceous Marsh,5890,5301.96,0.427,0.7139,2,False,moderate_0p6,5497.27
2024,Mixed Herbaceous Marsh,5890,5301.96,0.427,0.7139,2,False,optimistic_1p2,10994.54
2024,Open Water,2517,33740.53,0.0,0.0,1,False,conservative_0p3,0.0
2024,Open Water,2517,33740.53,0.0,0.0,1,False,moderate_0p6,0.0
2024,Open Water,2517,33740.53,0.0,0.0,1,False,optimistic_1p2,0.0
2024,Phragmites,5564,2901.53,0.5646,0.7383,0,False,conservative_0p3,1988.71
2024,Phragmites,5564,2901.53,0.5646,0.7383,0,False,moderate_0p6,3977.41
2024,Phragmites,5564,2901.53,0.5646,0.7383,0,False,optimistic_1p2,7954.82
2024,Pond Apple,103,175.81,0.6622,0.8168,2,False,conservative_0p3,141.35
2024,Pond Apple,103,175.81,0.6622,0.8168,2,False,moderate_0p6,282.69
2024,Pond Apple,103,175.81,0.6622,0.8168,2,False,optimistic_1p2,565.38
2024,Sawgrass,4083,4030.66,0.4431,0.6527,0,False,conservative_0p3,2168.35
2024,Sawgrass,4083,4030.66,0.4431,0.6527,0,False,moderate_0p6,4336.69
2024,Sawgrass,4083,4030.66,0.4431,0.6527,0,False,optimistic_1p2,8673.39
2024,Shrub Swamp,3686,2698.34,0.6622,0.8168,0,False,conservative_0p3,2169.38
2024,Shrub Swamp,3686,2698.34,0.6622,0.8168,0,False,moderate_0p6,4338.77
2024,Shrub Swamp,3686,2698.34,0.6622,0.8168,0,False,optimistic_1p2,8677.53
2024,Spikerush,670,3978.72,0.1352,0.2419,0,False,conservative_0p3,653.2
2024,Spikerush,670,3978.72,0.1352,0.2419,0,False,moderate_0p6,1306.39
2024,Spikerush,670,3978.72,0.1352,0.2419,0,False,optimistic_1p2,2612.78
2024,Torpedograss,6593,13224.27,0.2686,0.5835,0,False,conservative_0p3,4312.62
2024,Torpedograss,6593,13224.27,0.2686,0.5835,0,False,moderate_0p6,8625.23
2024,Torpedograss,6593,13224.27,0.2686,0.5835,0,False,optimistic_1p2,17250.47
2024,Wet Prairie,90,122.97,0.2686,0.5835,2,False,conservative_0p3,40.1
2024,Wet Prairie,90,122.97,0.2686,0.5835,2,False,moderate_0p6,80.21
2024,Wet Prairie,90,122.97,0.2686,0.5835,2,False,optimistic_1p2,160.41
2024,Willow,9222,22290.58,0.6247,0.8179,0,False,conservative_0p3,16905.29
2024,Willow,9222,22290.58,0.6247,0.8179,0,False,moderate_0p6,33810.59
2024,Willow,9222,22290.58,0.6247,0.8179,0,False,optimistic_1p2,67621.18
2025,Bare Soil,392,542.53,0.0,0.0,1,False,conservative_0p3,0.0
2025,Bare Soil,392,542.53,0.0,0.0,1,False,moderate_0p6,0.0
2025,Bare Soil,392,542.53,0.0,0.0,1,False,optimistic_1p2,0.0
2025,Beakrush,531,1147.66,0.2411,0.4181,0,False,conservative_0p3,335.98
2025,Beakrush,531,1147.66,0.2411,0.4181,0,False,moderate_0p6,671.96
2025,Beakrush,531,1147.66,0.2411,0.4181,0,False,optimistic_1p2,1343.92
2025,Broadleaf Marsh,2342,3861.95,0.4152,0.8318,0,False,conservative_0p3,1946.61
2025,Broadleaf Marsh,2342,3861.95,0.4152,0.8318,0,False,moderate_0p6,3893.22
2025,Broadleaf Marsh,2342,3861.95,0.4152,0.8318,0,False,optimistic_1p2,7786.43
2025,Bulrush,1555,789.68,0.2084,0.4873,0,False,conservative_0p3,199.82
2025,Bulrush,1555,789.68,0.2084,0.4873,0,False,moderate_0p6,399.63
2025,Bulrush,1555,789.68,0.2084,0.4873,0,False,optimistic_1p2,799.26
2025,Cattail,4197,11697.08,0.4104,0.7682,0,False,conservative_0p3,5827.63
2025,Cattail,4197,11697.08,0.4104,0.7682,0,False,moderate_0p6,11655.25
2025,Cattail,4197,11697.08,0.4104,0.7682,0,False,optimistic_1p2,23310.5
2025,Floating Leaf Marsh,2392,3074.34,0.6076,0.2828,0,False,conservative_0p3,2267.84
2025,Floating Leaf Marsh,2392,3074.34,0.6076,0.2828,0,False,moderate_0p6,4535.69
2025,Floating Leaf Marsh,2392,3074.34,0.6076,0.2828,0,False,optimistic_1p2,9071.37
2025,Grass Sedge Marsh,1384,1007.32,0.0588,0.2758,2,False,conservative_0p3,71.93
2025,Grass Sedge Marsh,1384,1007.32,0.0588,0.2758,2,False,moderate_0p6,143.86
2025,Grass Sedge Marsh,1384,1007.32,0.0588,0.2758,2,False,optimistic_1p2,287.73
2025,Low Growing Emergent Marsh,2162,1986.35,0.8548,0.8583,0,False,conservative_0p3,2061.3
2025,Low Growing Emergent Marsh,2162,1986.35,0.8548,0.8583,0,False,moderate_0p6,4122.59
2025,Low Growing Emergent Marsh,2162,1986.35,0.8548,0.8583,0,False,optimistic_1p2,8245.19
2025,Maidencane Egyptian Paspalidium,973,834.01,0.0588,0.2758,0,False,conservative_0p3,59.56
2025,Maidencane Egyptian Paspalidium,973,834.01,0.0588,0.2758,0,False,moderate_0p6,119.11
2025,Maidencane Egyptian Paspalidium,973,834.01,0.0588,0.2758,0,False,optimistic_1p2,238.22
2025,Mixed Herbaceous Marsh,3513,2944.81,0.4152,0.8318,2,False,conservative_0p3,1484.33
2025,Mixed Herbaceous Marsh,3513,2944.81,0.4152,0.8318,2,False,moderate_0p6,2968.65
2025,Mixed Herbaceous Marsh,3513,2944.81,0.4152,0.8318,2,False,optimistic_1p2,5937.3
2025,Open Water,1069,7147.25,0.0,0.0,1,False,conservative_0p3,0.0
2025,Open Water,1069,7147.25,0.0,0.0,1,False,moderate_0p6,0.0
2025,Open Water,1069,7147.25,0.0,0.0,1,False,optimistic_1p2,0.0
2025,Phragmites,2457,1664.75,0.6597,0.8477,0,False,conservative_0p3,1333.25
2025,Phragmites,2457,1664.75,0.6597,0.8477,0,False,moderate_0p6,2666.51
2025,Phragmites,2457,1664.75,0.6597,0.8477,0,False,optimistic_1p2,5333.01
2025,Pond Apple,3,6.53,0.7619,0.7893,2,False,conservative_0p3,6.04
2025,Pond Apple,3,6.53,0.7619,0.7893,2,False,moderate_0p6,12.08
2025,Pond Apple,3,6.53,0.7619,0.7893,2,False,optimistic_1p2,24.17
2025,Sawgrass,1438,1196.31,0.4951,0.7182,0,False,conservative_0p3,719.09
2025,Sawgrass,1438,1196.31,0.4951,0.7182,0,False,moderate_0p6,1438.18
2025,Sawgrass,1438,1196.31,0.4951,0.7182,0,False,optimistic_1p2,2876.37
2025,Shrub Swamp,2194,2855.9,0.7619,0.7893,0,False,conservative_0p3,2641.73
2025,Shrub Swamp,2194,2855.9,0.7619,0.7893,0,False,moderate_0p6,5283.46
2025,Shrub Swamp,2194,2855.9,0.7619,0.7893,0,False,optimistic_1p2,10566.93
2025,Spikerush,214,301.54,0.2696,0.4631,0,False,conservative_0p3,98.7
2025,Spikerush,214,301.54,0.2696,0.4631,0,False,moderate_0p6,197.39
2025,Spikerush,214,301.54,0.2696,0.4631,0,False,optimistic_1p2,394.78
2025,Torpedograss,1803,4716.53,0.3373,0.6609,0,False,conservative_0p3,1931.58
2025,Torpedograss,1803,4716.53,0.3373,0.6609,0,False,moderate_0p6,3863.16
2025,Torpedograss,1803,4716.53,0.3373,0.6609,0,False,optimistic_1p2,7726.31
2025,Wet Prairie,1809,4005.5,0.3373,0.6609,2,False,conservative_0p3,1640.39
2025,Wet Prairie,1809,4005.5,0.3373,0.6609,2,False,moderate_0p6,3280.78
2025,Wet Prairie,1809,4005.5,0.3373,0.6609,2,False,optimistic_1p2,6561.56
2025,Willow,2797,14617.11,0.6613,0.8486,0,False,conservative_0p3,11734.96
2025,Willow,2797,14617.11,0.6613,0.8486,0,False,moderate_0p6,23469.92
2025,Willow,2797,14617.11,0.6613,0.8486,0,False,optimistic_1p2,46939.83
