veg_class,year,sensor,index,SOS,EOS,PEAK,PEAK_VAL,AUC,SEASON_LEN
Beakrush,2023,S1,VV,1.0,11.0,5.0,-8.810368082522844,-137.36793437622615,10.0
Beakrush,2023,S1,VH,1.0,9.0,4.0,-16.127378762260875,-256.69404768806953,8.0
Beakrush,2023,S1,RVI,1.0,8.0,4.0,0.7763711614414572,5.027757334587493,7.0
Beakrush,2023,S1,CR,1.0,8.0,4.0,-6.452749125136045,-119.3261133516198,7.0
Beakrush,2024,S1,VV,2.0,12.0,6.0,-8.292488243331741,-134.08601018508298,10.0
Beakrush,2024,S1,VH,2.0,12.0,6.0,-14.715407624362975,-241.7478514315996,10.0
Beakrush,2024,S1,RVI,1.0,11.0,6.0,0.7993713581383419,6.031962921012349,10.0
Beakrush,2024,S1,CR,1.0,10.0,6.0,-6.4229193803309315,-107.66184125721162,9.0
Beakrush,2025,S1,VV,1.0,5.0,1.0,-8.210869541043445,-113.84510530287189,4.0
Beakrush,2025,S1,VH,1.0,4.0,1.0,-14.10031117735923,-206.53032333481698,3.0
Beakrush,2025,S1,RVI,1.0,9.0,1.0,0.8814901533978767,6.826027981467043,8.0
Beakrush,2025,S1,CR,1.0,9.0,1.0,-5.889441640492937,-92.68521799645626,8.0
Broadleaf Marsh,2023,S1,VV,1.0,4.0,1.0,-2.973061020987984,-57.11635199415309,3.0
Broadleaf Marsh,2023,S1,VH,2.0,12.0,7.0,-12.880572014475394,-149.27104846093619,10.0
Broadleaf Marsh,2023,S1,RVI,1.0,11.0,5.0,0.9085271335179941,6.602260221669454,10.0
Broadleaf Marsh,2023,S1,CR,1.0,11.0,5.0,-5.6718326443301414,-92.15469648499496,10.0
Broadleaf Marsh,2024,S1,VV,1.0,5.0,1.0,-3.375803238631873,-69.21069128290902,4.0
Broadleaf Marsh,2024,S1,VH,2.0,12.0,6.0,-13.30078765598348,-155.8492371375029,10.0
Broadleaf Marsh,2024,S1,RVI,2.0,12.0,6.0,1.015016476031965,7.473934455927474,10.0
Broadleaf Marsh,2024,S1,CR,2.0,12.0,6.0,-4.805828190338808,-86.6385458763642,10.0
Broadleaf Marsh,2025,S1,VV,1.0,3.0,1.0,-7.152500593356577,-90.03478979954485,2.0
Broadleaf Marsh,2025,S1,VH,1.0,4.0,1.0,-13.222258560896316,-152.24749923441072,3.0
Broadleaf Marsh,2025,S1,RVI,1.0,8.0,4.0,1.0160148943633636,10.221525787739722,7.0
Broadleaf Marsh,2025,S1,CR,1.0,8.0,4.0,-5.086423363596252,-62.212709457271,7.0
Bulrush,2023,S1,VV,4.0,12.0,8.0,-7.0135773958856396,-98.96970077375096,8.0
Bulrush,2023,S1,VH,10.0,12.0,12.0,-18.51288601196267,-214.16573864717788,2.0
Bulrush,2023,S1,RVI,1.0,8.0,4.0,0.6233990845270172,4.824494503471177,7.0
Bulrush,2023,S1,CR,1.0,8.0,4.0,-8.07786382807955,-115.19603788594934,7.0
Bulrush,2024,S1,VV,1.0,4.0,1.0,-7.445465187160211,-103.33586126128009,3.0
Bulrush,2024,S1,VH,1.0,10.0,6.0,-17.334713416465398,-203.36514339249376,9.0
Bulrush,2024,S1,RVI,10.0,12.0,12.0,0.7367877014436712,6.046954473874697,2.0
Bulrush,2024,S1,CR,10.0,12.0,12.0,-7.504940792557073,-100.02928219871436,2.0
Bulrush,2025,S1,VV,3.0,12.0,8.0,-6.608260283132257,-87.41748317387463,9.0
Bulrush,2025,S1,VH,1.0,10.0,7.0,-16.113615397408317,-187.19569083470256,9.0
Bulrush,2025,S1,RVI,1.0,9.0,1.0,0.7147519808962942,5.839679532951782,8.0
Bulrush,2025,S1,CR,1.0,9.0,1.0,-7.429266135269379,-99.77820762301644,8.0
Cattail,2023,S1,VV,1.0,4.0,1.0,-5.740348734523471,-93.34598486834257,3.0
Cattail,2023,S1,VH,1.0,3.0,1.0,-12.240380609573446,-155.33012087907508,2.0
Cattail,2023,S1,RVI,1.0,11.0,6.0,1.0128135150861648,10.211897271493845,10.0
Cattail,2023,S1,CR,1.0,11.0,6.0,-5.104264503790939,-61.984136012822155,10.0
Cattail,2024,S1,VV,1.0,5.0,1.0,-6.809972395832862,-105.04822158650312,4.0
Cattail,2024,S1,VH,1.0,5.0,1.0,-13.199469607954393,-164.30224626333387,4.0
Cattail,2024,S1,RVI,2.0,12.0,6.0,1.0778806955281426,10.670387342892495,10.0
Cattail,2024,S1,CR,2.0,12.0,6.0,-4.694556562215202,-59.254024664360465,10.0
Cattail,2025,S1,VV,8.0,12.0,12.0,-8.169700028403838,-115.14984548664637,4.0
Cattail,2025,S1,VH,8.0,12.0,12.0,-14.365925321408751,-170.85835435428916,4.0
Cattail,2025,S1,RVI,1.0,11.0,6.0,1.1682200954348332,11.265891214181552,10.0
Cattail,2025,S1,CR,1.0,11.0,6.0,-4.182119739896887,-55.70850888109781,10.0
Floating Leaf Marsh,2023,S1,VV,2.0,12.0,8.0,-9.921712680095322,-123.97624906545369,10.0
Floating Leaf Marsh,2023,S1,VH,1.0,11.0,7.0,-21.10016084099601,-250.22115055589677,10.0
Floating Leaf Marsh,2023,S1,RVI,1.0,10.0,4.0,0.3665097817155819,3.644069994558051,9.0
Floating Leaf Marsh,2023,S1,CR,1.0,10.0,4.0,-10.898860396337195,-126.24490150857332,9.0
Floating Leaf Marsh,2024,S1,VV,2.0,12.0,8.0,-10.103879463477682,-130.9441379743935,10.0
Floating Leaf Marsh,2024,S1,VH,2.0,12.0,6.0,-20.75894701665885,-258.9126674729007,10.0
Floating Leaf Marsh,2024,S1,RVI,2.0,10.0,6.0,0.3914336653849271,3.75110140377868,8.0
Floating Leaf Marsh,2024,S1,CR,2.0,11.0,6.0,-10.547119720153065,-127.96852946844173,9.0
Floating Leaf Marsh,2025,S1,VV,2.0,12.0,6.0,-7.183607145121499,-107.77536001320706,10.0
Floating Leaf Marsh,2025,S1,VH,2.0,12.0,6.0,-16.551811346406332,-218.29307075060723,10.0
Floating Leaf Marsh,2025,S1,RVI,2.0,10.0,6.0,0.47399776108881875,4.814635190721409,8.0
Floating Leaf Marsh,2025,S1,CR,2.0,11.0,6.0,-9.368204198112045,-110.5177107359003,9.0
Low Growing Emergent Marsh,2023,S1,VV,1.0,4.0,1.0,-8.022782253535233,-93.57735636981103,3.0
Low Growing Emergent Marsh,2023,S1,VH,4.0,12.0,8.0,-13.970839269687211,-157.40422975862376,8.0
Low Growing Emergent Marsh,2023,S1,RVI,1.0,11.0,8.0,0.9505518895069058,9.82640150592075,10.0
Low Growing Emergent Marsh,2023,S1,CR,1.0,11.0,8.0,-5.438516945362274,-63.82687337460676,10.0
Low Growing Emergent Marsh,2024,S1,VV,5.0,12.0,9.0,-7.93376898336141,-94.3469159514423,7.0
Low Growing Emergent Marsh,2024,S1,VH,5.0,12.0,9.0,-13.352160005488757,-156.8554456235372,7.0
Low Growing Emergent Marsh,2024,S1,RVI,3.0,12.0,9.0,0.9511249438112568,10.0478638421358,9.0
Low Growing Emergent Marsh,2024,S1,CR,3.0,12.0,8.0,-5.408878993572383,-62.50852966956527,9.0
Low Growing Emergent Marsh,2025,S1,VV,5.0,12.0,11.0,-8.459137109880043,-97.16413074652485,7.0
Low Growing Emergent Marsh,2025,S1,VH,5.0,12.0,12.0,-12.712640019147871,-153.11600568961887,7.0
Low Growing Emergent Marsh,2025,S1,RVI,4.0,12.0,12.0,1.161519969662002,11.106103213826628,8.0
Low Growing Emergent Marsh,2025,S1,CR,4.0,12.0,12.0,-4.222103119444418,-55.95187504019986,8.0
Maidencane Egyptian Paspalidium,2023,S1,VV,4.0,12.0,8.0,-9.53328198385246,-116.00278817757386,8.0
Maidencane Egyptian Paspalidium,2023,S1,VH,1.0,9.0,4.0,-18.2627055167662,-217.08890408308505,8.0
Maidencane Egyptian Paspalidium,2023,S1,RVI,1.0,8.0,4.0,0.7815592237104794,5.966137448192869,7.0
Maidencane Egyptian Paspalidium,2023,S1,CR,1.0,8.0,4.0,-6.5436785000745425,-101.08611589972402,7.0
Maidencane Egyptian Paspalidium,2024,S1,VV,1.0,3.0,1.0,-10.374342750603198,-125.37612345979416,2.0
Maidencane Egyptian Paspalidium,2024,S1,VH,2.0,12.0,8.0,-18.399495529574164,-216.7146942744569,10.0
Maidencane Egyptian Paspalidium,2024,S1,RVI,5.0,12.0,6.0,0.7076265543298813,7.000969600824441,7.0
Maidencane Egyptian Paspalidium,2024,S1,CR,2.0,10.0,6.0,-7.412240485330606,-91.33857079975022,8.0
Maidencane Egyptian Paspalidium,2025,S1,VV,1.0,11.0,7.0,-9.059112463808736,-117.31153301455332,10.0
Maidencane Egyptian Paspalidium,2025,S1,VH,1.0,10.0,1.0,-18.75468077286718,-223.86886448353053,9.0
Maidencane Egyptian Paspalidium,2025,S1,RVI,1.0,6.0,1.0,0.8069317814281588,5.474857836255518,5.0
Maidencane Egyptian Paspalidium,2025,S1,CR,1.0,7.0,1.0,-6.5973568194646885,-106.55733144034004,6.0
Phragmites,2023,S1,VV,1.0,4.0,1.0,-5.346885266471738,-75.62577955317785,3.0
Phragmites,2023,S1,VH,1.0,10.0,7.0,-14.04873997069966,-160.20365873565737,9.0
Phragmites,2023,S1,RVI,2.0,12.0,6.0,0.7459299751669677,7.203947872010152,10.0
Phragmites,2023,S1,CR,2.0,12.0,6.0,-6.929243506804797,-84.57787912499316,10.0
Phragmites,2024,S1,VV,1.0,6.0,1.0,-6.229669324690323,-84.37099340067277,5.0
Phragmites,2024,S1,VH,8.0,12.0,12.0,-14.040259722893344,-158.57878261186718,4.0
Phragmites,2024,S1,RVI,3.0,12.0,6.0,0.8925887936552869,8.53388781050844,9.0
Phragmites,2024,S1,CR,3.0,12.0,6.0,-5.833113969944488,-74.2077891325741,9.0
Phragmites,2025,S1,VV,1.0,4.0,1.0,-7.876110985102445,-97.24342120818707,3.0
Phragmites,2025,S1,VH,6.0,12.0,12.0,-12.798536092778123,-154.13563368992496,6.0
Phragmites,2025,S1,RVI,5.0,12.0,12.0,1.1245807125805962,10.961817954694421,7.0
Phragmites,2025,S1,CR,5.0,12.0,12.0,-4.365009586817974,-56.89221254052161,7.0
Sawgrass,2023,S1,VV,1.0,4.0,1.0,-6.300917547138502,-87.22532331756636,3.0
Sawgrass,2023,S1,VH,1.0,10.0,4.0,-14.742687856472324,-174.3727705201059,9.0
Sawgrass,2023,S1,RVI,1.0,10.0,5.0,0.9619595165886318,7.594900594055853,9.0
Sawgrass,2023,S1,CR,1.0,10.0,5.0,-5.435064250621685,-87.14744718472065,9.0
Sawgrass,2024,S1,VV,1.0,5.0,1.0,-6.823812494150174,-100.4496309872102,4.0
Sawgrass,2024,S1,VH,3.0,12.0,5.0,-15.406879561631554,-176.46145133299976,9.0
Sawgrass,2024,S1,RVI,2.0,12.0,6.0,1.0953902094617403,8.875495038555476,10.0
Sawgrass,2024,S1,CR,2.0,12.0,6.0,-4.410300846879461,-76.01182035160066,10.0
Sawgrass,2025,S1,VV,1.0,5.0,1.0,-9.285453350955388,-119.10038112193546,4.0
Sawgrass,2025,S1,VH,1.0,4.0,1.0,-14.506706289808825,-177.56756131819026,3.0
Sawgrass,2025,S1,RVI,5.0,12.0,12.0,1.0489295399671872,10.870379454979727,7.0
Sawgrass,2025,S1,CR,5.0,12.0,8.0,-4.920380152720238,-58.46718019439278,7.0
Shrub Swamp,2023,S1,VV,1.0,4.0,1.0,-7.5817214795623125,-101.47435784485648,3.0
Shrub Swamp,2023,S1,VH,1.0,3.0,1.0,-13.703832137386696,-159.81360235052284,2.0
Shrub Swamp,2023,S1,RVI,3.0,12.0,8.0,1.0589033312378031,10.751520878127918,9.0
Shrub Swamp,2023,S1,CR,3.0,12.0,8.0,-4.769449604597568,-58.33924447958363,9.0
Shrub Swamp,2024,S1,VV,1.0,4.0,1.0,-7.737152074610054,-100.69493022903116,3.0
Shrub Swamp,2024,S1,VH,6.0,12.0,10.0,-13.648488764051312,-158.7858014563836,6.0
Shrub Swamp,2024,S1,RVI,3.0,12.0,6.0,1.0429678818788553,10.79200012880426,9.0
Shrub Swamp,2024,S1,CR,3.0,12.0,6.0,-4.872932835802613,-58.09087131506013,9.0
Shrub Swamp,2025,S1,VV,1.0,11.0,8.0,-9.258886875653353,-105.99382229928278,10.0
Shrub Swamp,2025,S1,VH,4.0,12.0,8.0,-14.243869674540996,-164.04421788644424,8.0
Shrub Swamp,2025,S1,RVI,5.0,12.0,9.0,1.0366097943610404,10.817123917633285,7.0
Shrub Swamp,2025,S1,CR,5.0,12.0,9.0,-4.907816456594645,-58.05039562090654,7.0
Spikerush,2023,S1,VV,2.0,11.0,5.0,-9.013065073892403,-120.10773166509676,9.0
Spikerush,2023,S1,VH,1.0,10.0,5.0,-16.022095341840224,-238.45469575801553,9.0
Spikerush,2023,S1,RVI,1.0,9.0,4.0,0.7673061597442112,5.0011853057015445,8.0
Spikerush,2023,S1,CR,1.0,9.0,4.0,-6.775516857481941,-118.34696404072525,8.0
Spikerush,2024,S1,VV,1.0,11.0,6.0,-8.769301972672302,-125.83007596671983,10.0
Spikerush,2024,S1,VH,1.0,11.0,6.0,-15.5155451827839,-233.67497464252412,10.0
Spikerush,2024,S1,RVI,2.0,10.0,6.0,0.8079037754057914,6.0622425788795065,8.0
Spikerush,2024,S1,CR,1.0,10.0,6.0,-6.7462432185745955,-107.84489869170174,9.0
Spikerush,2025,S1,VV,5.0,12.0,8.0,-8.56537008793708,-111.39412658168972,7.0
Spikerush,2025,S1,VH,1.0,4.0,1.0,-15.84583497507031,-201.0855485611006,3.0
Spikerush,2025,S1,RVI,1.0,8.0,1.0,0.8966286277881169,7.274320004948954,7.0
Spikerush,2025,S1,CR,1.0,8.0,1.0,-5.930229305264066,-89.69142202113055,7.0
Torpedograss,2023,S1,VV,4.0,12.0,9.0,-6.278978907186203,-86.06456718497682,8.0
Torpedograss,2023,S1,VH,1.0,11.0,4.0,-13.47040612500067,-183.42327921646424,10.0
Torpedograss,2023,S1,RVI,1.0,9.0,4.0,1.0941414561286975,6.8077085406746995,8.0
Torpedograss,2023,S1,CR,1.0,9.0,4.0,-4.405550618318022,-97.35871205141845,8.0
Torpedograss,2024,S1,VV,1.0,5.0,2.0,-8.89957608737476,-107.16135415344056,4.0
Torpedograss,2024,S1,VH,1.0,11.0,6.0,-13.99392604907614,-187.9577207894153,10.0
Torpedograss,2024,S1,RVI,2.0,12.0,6.0,1.2177628327062142,8.700106511186288,10.0
Torpedograss,2024,S1,CR,2.0,12.0,6.0,-3.576665970503938,-80.79636664328652,10.0
Torpedograss,2025,S1,VV,6.0,12.0,8.0,-9.256810950406885,-112.94890073357583,6.0
Torpedograss,2025,S1,VH,1.0,5.0,1.0,-14.057917384031125,-181.7216688083725,4.0
Torpedograss,2025,S1,RVI,1.0,7.0,1.0,1.089971523674494,9.90967561914068,6.0
Torpedograss,2025,S1,CR,1.0,7.0,1.0,-4.6235778496253594,-68.77276809208479,6.0
Willow,2023,S1,VV,1.0,3.0,1.0,-6.343934124726546,-80.07070845338515,2.0
Willow,2023,S1,VH,4.0,12.0,8.0,-13.104396566044318,-148.30411003444334,8.0
Willow,2023,S1,RVI,1.0,11.0,4.0,0.9192805783728494,9.259780558227098,10.0
Willow,2023,S1,CR,1.0,11.0,4.0,-5.643355562946246,-68.23340158300566,10.0
Willow,2024,S1,VV,1.0,5.0,1.0,-6.09415566656438,-82.91725459710257,4.0
Willow,2024,S1,VH,5.0,12.0,10.0,-13.356134665574448,-149.86889861609916,7.0
Willow,2024,S1,RVI,2.0,12.0,6.0,0.9612939597665595,9.458832854828778,10.0
Willow,2024,S1,CR,2.0,12.0,6.0,-5.366219056488164,-66.95164403114323,10.0
Willow,2025,S1,VV,1.0,4.0,1.0,-7.197296150018879,-90.38190280843065,3.0
Willow,2025,S1,VH,5.0,12.0,11.0,-13.126080597209151,-150.59881941376295,7.0
Willow,2025,S1,RVI,3.0,12.0,8.0,0.985400696589892,10.442222516121623,9.0
Willow,2025,S1,CR,3.0,12.0,8.0,-5.235546406519509,-60.21691660872138,9.0
Beakrush,2023,S2,NDVI,10.0,12.0,12.0,0.34072830332682225,2.406624785636871,2.0
Beakrush,2023,S2,EVI,1.0,9.0,5.0,0.12481193381450394,0.5906228818127646,8.0
Beakrush,2023,S2,NDWI,5.0,12.0,9.0,-0.1381905569643821,-2.9821692221539116,7.0
Beakrush,2023,S2,MNDWI,1.0,4.0,1.0,0.1549411823597842,-1.941361494701172,3.0
Beakrush,2023,S2,NDRE,1.0,8.0,5.0,0.17511949911915264,0.06387219520200321,7.0
Beakrush,2024,S2,NDVI,3.0,12.0,7.0,0.4135901614465822,3.0484915100042573,9.0
Beakrush,2024,S2,EVI,2.0,12.0,7.0,0.17458155265786213,0.9760075267745888,10.0
Beakrush,2024,S2,NDWI,1.0,6.0,1.0,-0.07788045855996782,-3.937050551079352,5.0
Beakrush,2024,S2,MNDWI,1.0,5.0,1.0,0.23380186710597,-3.796897453005667,4.0
Beakrush,2024,S2,NDRE,2.0,10.0,7.0,0.24480787620079034,1.019579498408396,8.0
Beakrush,2025,S2,NDVI,5.0,12.0,10.0,0.44593747256354876,4.098261397802897,7.0
Beakrush,2025,S2,EVI,2.0,12.0,6.0,0.14184585284461815,1.4232686818589129,10.0
Beakrush,2025,S2,NDWI,1.0,10.0,5.0,-0.3867218577789241,-5.066278640059708,9.0
Beakrush,2025,S2,MNDWI,1.0,10.0,1.0,-0.49409958411271754,-6.36415262949055,9.0
Beakrush,2025,S2,NDRE,5.0,12.0,12.0,0.273736456512674,2.4295645203789875,7.0
Broadleaf Marsh,2023,S2,NDVI,6.0,12.0,10.0,0.6726042389625171,6.3290078848765265,6.0
Broadleaf Marsh,2023,S2,EVI,2.0,11.0,5.0,0.2555846403648563,2.1563375208504367,9.0
Broadleaf Marsh,2023,S2,NDWI,1.0,11.0,6.0,-0.5103896019281202,-6.1767263167370965,10.0
Broadleaf Marsh,2023,S2,MNDWI,2.0,12.0,8.0,-0.25255433811830547,-3.7811519103539415,10.0
Broadleaf Marsh,2023,S2,NDRE,1.0,5.0,1.0,0.3455671775303485,3.3362554804352555,4.0
Broadleaf Marsh,2024,S2,NDVI,3.0,12.0,12.0,0.6835822518402137,6.08172093404,9.0
Broadleaf Marsh,2024,S2,EVI,2.0,12.0,6.0,0.28086072851576005,2.336639005544898,10.0
Broadleaf Marsh,2024,S2,NDWI,1.0,5.0,1.0,-0.3838529201420643,-6.113569606976209,4.0
Broadleaf Marsh,2024,S2,MNDWI,1.0,5.0,1.0,-0.1617316475841237,-4.396270049836031,4.0
Broadleaf Marsh,2024,S2,NDRE,3.0,12.0,12.0,0.3811284860189318,3.451044196364589,9.0
Broadleaf Marsh,2025,S2,NDVI,4.0,12.0,8.0,0.605523620464996,5.610255370514045,8.0
Broadleaf Marsh,2025,S2,EVI,2.0,12.0,7.0,0.2762222147338728,2.719056896733226,10.0
Broadleaf Marsh,2025,S2,NDWI,1.0,9.0,5.0,-0.5139152899926787,-6.1269111711417175,8.0
Broadleaf Marsh,2025,S2,MNDWI,3.0,12.0,8.0,-0.3094550974589821,-5.0495283324655125,9.0
Broadleaf Marsh,2025,S2,NDRE,4.0,12.0,8.0,0.33704530558199486,3.3437180079016726,8.0
Bulrush,2023,S2,NDVI,8.0,12.0,12.0,0.4100168017520984,2.912155676256309,4.0
Bulrush,2023,S2,EVI,1.0,8.0,4.0,0.08678101348783063,0.6741958044557831,7.0
Bulrush,2023,S2,NDWI,3.0,11.0,8.0,-0.12571656983743557,-2.3887465649612456,8.0
Bulrush,2023,S2,MNDWI,1.0,6.0,1.0,0.2081512856740846,0.37398495320028746,5.0
Bulrush,2023,S2,NDRE,9.0,12.0,12.0,0.17130591469660367,0.6218276945599467,3.0
Bulrush,2024,S2,NDVI,2.0,10.0,5.0,0.40648223486840074,3.7147270363537084,8.0
Bulrush,2024,S2,EVI,1.0,10.0,6.0,0.1481428347988339,0.9821561182446649,9.0
Bulrush,2024,S2,NDWI,1.0,5.0,1.0,-0.22972362439147623,-3.3044804189699613,4.0
Bulrush,2024,S2,MNDWI,1.0,5.0,1.0,0.06433296952334643,-0.34803623113072335,4.0
Bulrush,2024,S2,NDRE,1.0,9.0,5.0,0.18261938440544778,1.2830626455539342,8.0
Bulrush,2025,S2,NDVI,9.0,12.0,12.0,0.47086495585487786,4.260048642397734,3.0
Bulrush,2025,S2,EVI,1.0,9.0,5.0,0.16772665227495576,1.2710104854819788,8.0
Bulrush,2025,S2,NDWI,1.0,10.0,7.0,-0.3476124215637257,-4.070431205255703,9.0
Bulrush,2025,S2,MNDWI,1.0,7.0,1.0,0.027473384717841522,-1.489566214917493,6.0
Bulrush,2025,S2,NDRE,9.0,12.0,12.0,0.20406666496897127,1.7988000654393637,3.0
Cattail,2023,S2,NDVI,9.0,12.0,12.0,0.5531547343561222,5.688912956135727,3.0
Cattail,2023,S2,EVI,1.0,9.0,4.0,0.33241445647726775,3.0907887458912544,8.0
Cattail,2023,S2,NDWI,2.0,11.0,8.0,-0.5530420704658485,-6.410426553055125,9.0
Cattail,2023,S2,MNDWI,1.0,10.0,4.0,-0.4938502457419545,-5.638014700460655,9.0
Cattail,2023,S2,NDRE,9.0,12.0,12.0,0.38936702000138584,3.686601273012075,3.0
Cattail,2024,S2,NDVI,10.0,12.0,12.0,0.5054071079395048,5.274924102922485,2.0
Cattail,2024,S2,EVI,1.0,9.0,5.0,0.3002835658890767,3.0540073200874858,8.0
Cattail,2024,S2,NDWI,2.0,12.0,8.0,-0.5326378986908693,-6.1918983663963605,10.0
Cattail,2024,S2,MNDWI,1.0,10.0,1.0,-0.49637070165801883,-5.704888996429202,9.0
Cattail,2024,S2,NDRE,1.0,8.0,1.0,0.34838237212440315,3.455790435673891,7.0
Cattail,2025,S2,NDVI,4.0,12.0,8.0,0.5442775586797592,5.280946286622033,8.0
Cattail,2025,S2,EVI,3.0,11.0,7.0,0.31239659277012816,2.926368760043494,8.0
Cattail,2025,S2,NDWI,1.0,8.0,4.0,-0.505607909598691,-6.07554103390859,7.0
Cattail,2025,S2,MNDWI,1.0,10.0,5.0,-0.5103014546390747,-5.862186985290534,9.0
Cattail,2025,S2,NDRE,1.0,3.0,1.0,0.3500300317882059,3.3796107668777853,2.0
Floating Leaf Marsh,2023,S2,NDVI,7.0,12.0,12.0,0.8485709361345937,7.8290668024491765,5.0
Floating Leaf Marsh,2023,S2,EVI,2.0,12.0,8.0,0.5630327329521603,5.568066011332564,10.0
Floating Leaf Marsh,2023,S2,NDWI,1.0,11.0,6.0,-0.44370929391128033,-5.77790328449476,10.0
Floating Leaf Marsh,2023,S2,MNDWI,1.0,11.0,6.0,-0.1796309563173087,-2.312572710494465,10.0
Floating Leaf Marsh,2023,S2,NDRE,7.0,12.0,12.0,0.45039355072915577,3.8643848904148217,5.0
Floating Leaf Marsh,2024,S2,NDVI,7.0,12.0,12.0,0.830947704016133,7.904490755786355,5.0
Floating Leaf Marsh,2024,S2,EVI,3.0,12.0,10.0,0.5417324450676272,5.248356686437093,9.0
Floating Leaf Marsh,2024,S2,NDWI,1.0,11.0,6.0,-0.4817579923831367,-5.950066150777548,10.0
Floating Leaf Marsh,2024,S2,MNDWI,1.0,11.0,4.0,-0.1857723117731801,-2.462075568926989,10.0
Floating Leaf Marsh,2024,S2,NDRE,1.0,5.0,1.0,0.41475769605490426,3.942100647237978,4.0
Floating Leaf Marsh,2025,S2,NDVI,1.0,4.0,1.0,0.8427066137675905,7.542709081684714,3.0
Floating Leaf Marsh,2025,S2,EVI,5.0,12.0,9.0,0.501885537858102,4.514016526818199,7.0
Floating Leaf Marsh,2025,S2,NDWI,1.0,11.0,5.0,-0.518116849656271,-6.25667672141141,10.0
Floating Leaf Marsh,2025,S2,MNDWI,1.0,4.0,1.0,-0.21678548286563662,-3.5700675606517294,3.0
Floating Leaf Marsh,2025,S2,NDRE,1.0,4.0,1.0,0.4033717901747255,3.8460287202922148,3.0
Low Growing Emergent Marsh,2023,S2,NDVI,6.0,12.0,10.0,0.8772372296469751,9.532708689767631,6.0
Low Growing Emergent Marsh,2023,S2,EVI,5.0,12.0,8.0,0.7919460227149653,8.37990516455757,7.0
Low Growing Emergent Marsh,2023,S2,NDWI,1.0,11.0,6.0,-0.7066598729771971,-8.050744683589368,10.0
Low Growing Emergent Marsh,2023,S2,MNDWI,1.0,10.0,4.0,-0.37139001340271505,-4.478178925876182,9.0
Low Growing Emergent Marsh,2023,S2,NDRE,6.0,12.0,11.0,0.5920258396701699,6.199417621475415,6.0
Low Growing Emergent Marsh,2024,S2,NDVI,5.0,12.0,8.0,0.8783725036613808,9.533213968089873,7.0
Low Growing Emergent Marsh,2024,S2,EVI,1.0,11.0,7.0,0.8406882754772302,8.564827456936216,10.0
Low Growing Emergent Marsh,2024,S2,NDWI,1.0,11.0,5.0,-0.7160719941642377,-8.09583827200258,10.0
Low Growing Emergent Marsh,2024,S2,MNDWI,1.0,10.0,4.0,-0.3819808065190071,-4.603857191247635,9.0
Low Growing Emergent Marsh,2024,S2,NDRE,5.0,12.0,9.0,0.59050137883916,6.263009184585981,7.0
Low Growing Emergent Marsh,2025,S2,NDVI,1.0,5.0,1.0,0.8482329916490452,8.802845779860602,4.0
Low Growing Emergent Marsh,2025,S2,EVI,1.0,10.0,7.0,0.7111977130535884,7.153490734481597,9.0
Low Growing Emergent Marsh,2025,S2,NDWI,2.0,9.0,5.0,-0.6662392740066185,-7.625666672172687,7.0
Low Growing Emergent Marsh,2025,S2,MNDWI,1.0,10.0,4.0,-0.3926332184732283,-4.809936196912018,9.0
Low Growing Emergent Marsh,2025,S2,NDRE,1.0,4.0,1.0,0.5363218576752333,5.294439622792011,3.0
Maidencane Egyptian Paspalidium,2023,S2,NDVI,6.0,12.0,10.0,0.3164502990655307,2.9631452310218895,6.0
Maidencane Egyptian Paspalidium,2023,S2,EVI,1.0,11.0,4.0,0.07311540734292404,0.6473957982572689,10.0
Maidencane Egyptian Paspalidium,2023,S2,NDWI,2.0,11.0,8.0,-0.1596030880379162,-2.148267894463595,9.0
Maidencane Egyptian Paspalidium,2023,S2,MNDWI,1.0,6.0,1.0,0.1507579469345064,0.3423581995581872,5.0
Maidencane Egyptian Paspalidium,2023,S2,NDRE,1.0,6.0,3.0,0.07216120124013015,0.6419569180395909,5.0
Maidencane Egyptian Paspalidium,2024,S2,NDVI,2.0,12.0,7.0,0.35561574451842487,2.929338952143907,10.0
Maidencane Egyptian Paspalidium,2024,S2,EVI,2.0,12.0,7.0,0.10413279415904803,0.7102416502904823,10.0
Maidencane Egyptian Paspalidium,2024,S2,NDWI,1.0,5.0,1.0,-0.1202394420323655,-2.2333217096932256,4.0
Maidencane Egyptian Paspalidium,2024,S2,MNDWI,8.0,12.0,12.0,0.1481248610407704,0.5094013151480007,4.0
Maidencane Egyptian Paspalidium,2024,S2,NDRE,2.0,12.0,6.0,0.10637057981265936,0.5912257042835717,10.0
Maidencane Egyptian Paspalidium,2025,S2,NDVI,2.0,12.0,6.0,0.3065665395037427,2.7994637234195774,10.0
Maidencane Egyptian Paspalidium,2025,S2,EVI,1.0,11.0,6.0,0.12784606050806438,0.8683365001406692,10.0
Maidencane Egyptian Paspalidium,2025,S2,NDWI,7.0,12.0,11.0,-0.18274677898236058,-2.3376108209983877,5.0
Maidencane Egyptian Paspalidium,2025,S2,MNDWI,1.0,6.0,1.0,0.15984679448361308,-0.11638801071226357,5.0
Maidencane Egyptian Paspalidium,2025,S2,NDRE,1.0,10.0,5.0,0.11135923411575135,0.6001395901592913,9.0
Phragmites,2023,S2,NDVI,3.0,12.0,9.0,0.6597173018623499,6.638149953416367,9.0
Phragmites,2023,S2,EVI,2.0,12.0,8.0,0.396673371135825,3.7902509608007815,10.0
Phragmites,2023,S2,NDWI,1.0,10.0,1.0,-0.5246113252030148,-6.0079482759299445,9.0
Phragmites,2023,S2,MNDWI,1.0,11.0,9.0,-0.41618301089017473,-4.77926104339946,10.0
Phragmites,2023,S2,NDRE,3.0,12.0,9.0,0.3737292176098978,3.793637922963196,9.0
Phragmites,2024,S2,NDVI,3.0,12.0,8.0,0.7228281418458655,6.730419707232716,9.0
Phragmites,2024,S2,EVI,3.0,12.0,8.0,0.494680620490212,4.05049970795548,9.0
Phragmites,2024,S2,NDWI,1.0,7.0,3.0,-0.5086118211128045,-6.244134442935639,6.0
Phragmites,2024,S2,MNDWI,1.0,6.0,3.0,-0.44968367547499616,-5.212010033986648,5.0
Phragmites,2024,S2,NDRE,3.0,12.0,8.0,0.4493872920119424,4.112280270640311,9.0
Phragmites,2025,S2,NDVI,3.0,12.0,8.0,0.7520764405640379,7.40730640590896,9.0
Phragmites,2025,S2,EVI,2.0,12.0,8.0,0.5321406866053586,4.992525342711203,10.0
Phragmites,2025,S2,NDWI,1.0,7.0,1.0,-0.5523180218037743,-6.808425029540997,6.0
Phragmites,2025,S2,MNDWI,1.0,10.0,4.0,-0.4830899533989146,-5.6842723827850765,9.0
Phragmites,2025,S2,NDRE,2.0,12.0,8.0,0.46616266200960077,4.560001116584393,10.0
Sawgrass,2023,S2,NDVI,2.0,8.0,5.0,0.5947780890865936,6.193878611809988,6.0
Sawgrass,2023,S2,EVI,1.0,10.0,5.0,0.3400952951788847,2.67471622985087,9.0
Sawgrass,2023,S2,NDWI,1.0,5.0,1.0,-0.5099993707867846,-6.050135018250761,4.0
Sawgrass,2023,S2,MNDWI,1.0,4.0,1.0,-0.37038674818874245,-4.834116599672655,3.0
Sawgrass,2023,S2,NDRE,1.0,8.0,5.0,0.3426970311300441,3.276976659867078,7.0
Sawgrass,2024,S2,NDVI,3.0,12.0,7.0,0.5741167502922687,5.996083857796728,9.0
Sawgrass,2024,S2,EVI,2.0,12.0,6.0,0.33705028418778626,2.8877472410534124,10.0
Sawgrass,2024,S2,NDWI,1.0,6.0,1.0,-0.49770897336245423,-6.119583827079932,5.0
Sawgrass,2024,S2,MNDWI,1.0,6.0,1.0,-0.36923454754605084,-5.34727495281486,5.0
Sawgrass,2024,S2,NDRE,3.0,12.0,6.0,0.3410588165169737,3.396483920059565,9.0
Sawgrass,2025,S2,NDVI,4.0,12.0,8.0,0.6847967169812241,6.29292355381258,8.0
Sawgrass,2025,S2,EVI,2.0,12.0,7.0,0.4097933649226122,3.379768061970476,10.0
Sawgrass,2025,S2,NDWI,1.0,8.0,4.0,-0.5012860344071881,-6.256358109265979,7.0
Sawgrass,2025,S2,MNDWI,2.0,11.0,8.0,-0.4847144404939893,-5.915531197263482,9.0
Sawgrass,2025,S2,NDRE,4.0,12.0,7.0,0.3923116827138609,3.722784934046321,8.0
Shrub Swamp,2023,S2,NDVI,2.0,12.0,6.0,0.8142407833812277,8.073158222840371,10.0
Shrub Swamp,2023,S2,EVI,2.0,12.0,6.0,0.4995556162643603,4.421840606958582,10.0
Shrub Swamp,2023,S2,NDWI,9.0,12.0,12.0,-0.5927332046413167,-7.177026552248813,3.0
Shrub Swamp,2023,S2,MNDWI,9.0,12.0,12.0,-0.4498765551416302,-5.4806871785594895,3.0
Shrub Swamp,2023,S2,NDRE,2.0,12.0,6.0,0.5398656969538342,5.180489126262504,10.0
Shrub Swamp,2024,S2,NDVI,3.0,12.0,6.0,0.7849796270517436,7.698806211025945,9.0
Shrub Swamp,2024,S2,EVI,2.0,12.0,6.0,0.5010425852267075,4.324386265726978,10.0
Shrub Swamp,2024,S2,NDWI,1.0,6.0,2.0,-0.5181353382836802,-6.8649383272056,5.0
Shrub Swamp,2024,S2,MNDWI,1.0,6.0,2.0,-0.38844174830255046,-5.176996160986501,5.0
Shrub Swamp,2024,S2,NDRE,3.0,12.0,6.0,0.5073512338991096,4.873316124719713,9.0
Shrub Swamp,2025,S2,NDVI,3.0,12.0,8.0,0.8036910741145622,8.552480485098918,9.0
Shrub Swamp,2025,S2,EVI,1.0,11.0,5.0,0.5494705756235199,5.050230256705375,10.0
Shrub Swamp,2025,S2,NDWI,1.0,6.0,1.0,-0.6486016965100918,-7.674171309090562,5.0
Shrub Swamp,2025,S2,MNDWI,1.0,11.0,5.0,-0.5033395182258027,-5.981819902793949,10.0
Shrub Swamp,2025,S2,NDRE,3.0,12.0,5.0,0.5216446040488422,5.420562869659742,9.0
Spikerush,2023,S2,NDVI,8.0,12.0,12.0,0.4302766355188368,3.5406067302556368,4.0
Spikerush,2023,S2,EVI,1.0,9.0,5.0,0.1416086231757373,0.826383334713493,8.0
Spikerush,2023,S2,NDWI,5.0,11.0,8.0,-0.2897030079431494,-4.088472299985521,6.0
Spikerush,2023,S2,MNDWI,5.0,12.0,9.0,-0.061059918274875544,-2.0848261377719917,7.0
Spikerush,2023,S2,NDRE,1.0,8.0,5.0,0.17116519887121612,0.7811882202081104,7.0
Spikerush,2024,S2,NDVI,3.0,12.0,12.0,0.4627909468300341,3.548861511501996,9.0
Spikerush,2024,S2,EVI,1.0,11.0,7.0,0.18637728372760076,1.14060870305463,10.0
Spikerush,2024,S2,NDWI,1.0,5.0,1.0,-0.18399337851043226,-4.356199031184339,4.0
Spikerush,2024,S2,MNDWI,1.0,5.0,1.0,0.11231141484371976,-3.5200996324188756,4.0
Spikerush,2024,S2,NDRE,2.0,10.0,7.0,0.21221162396292514,1.1575847153188208,8.0
Spikerush,2025,S2,NDVI,5.0,12.0,9.0,0.4951439498581811,4.434447123089704,7.0
Spikerush,2025,S2,EVI,2.0,12.0,7.0,0.175472148969884,1.7217916727670501,10.0
Spikerush,2025,S2,NDWI,1.0,10.0,5.0,-0.3968838310024595,-5.270515493600548,9.0
Spikerush,2025,S2,MNDWI,1.0,4.0,1.0,-0.41125927949353214,-5.653700180552791,3.0
Spikerush,2025,S2,NDRE,4.0,12.0,12.0,0.25987421058654353,2.4343358348062782,8.0
Torpedograss,2023,S2,NDVI,1.0,4.0,1.0,0.5217336795933967,4.752782125426163,3.0
Torpedograss,2023,S2,EVI,2.0,11.0,5.0,0.19304374826618012,1.6845875200434075,9.0
Torpedograss,2023,S2,NDWI,2.0,12.0,8.0,-0.44462592382302846,-5.2165610479865325,10.0
Torpedograss,2023,S2,MNDWI,1.0,4.0,1.0,-0.20982026597291725,-4.106253327660169,3.0
Torpedograss,2023,S2,NDRE,1.0,8.0,1.0,0.2271589693329138,2.2991103142229745,7.0
Torpedograss,2024,S2,NDVI,4.0,12.0,12.0,0.4632245538995865,4.368845288488483,8.0
Torpedograss,2024,S2,EVI,2.0,12.0,7.0,0.26028535531591745,1.9481105846400846,10.0
Torpedograss,2024,S2,NDWI,1.0,10.0,1.0,-0.41116935492291845,-5.225484806252211,9.0
Torpedograss,2024,S2,MNDWI,1.0,5.0,1.0,-0.1708068529084987,-4.861465206403471,4.0
Torpedograss,2024,S2,NDRE,3.0,12.0,7.0,0.26534959058661867,2.297244537465458,9.0
Torpedograss,2025,S2,NDVI,4.0,12.0,8.0,0.55428560358843,4.8484937635639795,8.0
Torpedograss,2025,S2,EVI,3.0,12.0,7.0,0.2689174623129053,2.3076845541845303,9.0
Torpedograss,2025,S2,NDWI,1.0,9.0,4.0,-0.4173635345125891,-5.406206573196451,8.0
Torpedograss,2025,S2,MNDWI,3.0,12.0,8.0,-0.39482690151984523,-5.794688063039599,9.0
Torpedograss,2025,S2,NDRE,4.0,12.0,7.0,0.30732522988122707,2.878345234537724,8.0
Willow,2023,S2,NDVI,1.0,11.0,4.0,0.8117816221562042,7.919950527644666,10.0
Willow,2023,S2,EVI,1.0,11.0,4.0,0.5332459757880135,4.326579754836314,10.0
Willow,2023,S2,NDWI,1.0,3.0,1.0,-0.5525476520986907,-6.730397027629753,2.0
Willow,2023,S2,MNDWI,1.0,10.0,4.0,-0.4252877390272461,-5.019319595047501,9.0
Willow,2023,S2,NDRE,1.0,11.0,4.0,0.47151293551917905,4.333841711743252,10.0
Willow,2024,S2,NDVI,1.0,11.0,5.0,0.7940416021318744,7.63682895675538,10.0
Willow,2024,S2,EVI,1.0,11.0,5.0,0.5321678371902513,4.300292704919121,10.0
Willow,2024,S2,NDWI,1.0,4.0,1.0,-0.5002320782740146,-6.587295468594201,3.0
Willow,2024,S2,MNDWI,1.0,10.0,3.0,-0.3814738098707212,-4.977642715303371,9.0
Willow,2024,S2,NDRE,1.0,11.0,5.0,0.46017823042924144,4.247978885870507,10.0
Willow,2025,S2,NDVI,1.0,11.0,5.0,0.8191843304772637,7.76220682909238,10.0
Willow,2025,S2,EVI,1.0,11.0,5.0,0.6205287725599791,4.667359805765732,10.0
Willow,2025,S2,NDWI,1.0,5.0,1.0,-0.5458090895093505,-6.954504629793526,4.0
Willow,2025,S2,MNDWI,1.0,10.0,4.0,-0.43128831797440775,-5.7466211872618596,9.0
Willow,2025,S2,NDRE,1.0,11.0,5.0,0.5134702998578821,4.5339769600371005,10.0
