veg_class,year,composite_productivity,sar_productivity,AUC_norm_NDVI,AUC_norm_EVI,AUC_norm_NDRE,AUC_norm_RVI,AUC_norm_VV,AUC_norm_VH,AUC_norm_CR
Beakrush,2023,0.0,0.08030070125915034,0.0,0.0,0.0,0.18154287540449457,0.0,0.020058301420896357,0.11960162821121047
Beakrush,2024,0.09752106049292268,0.19760000949332873,0.09006646909685528,0.048328913728158014,0.15416779865375477,0.313296895538079,0.040895445220234306,0.15518524460326322,0.2810224526117384
Beakrush,2025,0.24113451586844517,0.41811482751241846,0.23736973871472106,0.10441741144235164,0.38161639744826287,0.4174800084153866,0.29311358574044655,0.47358310560400624,0.48828261028983444
Broadleaf Marsh,2023,0.4248706067837896,0.7187509105527189,0.5503871485811613,0.19634743807829044,0.5278772336919169,0.38812117758615305,1.0,0.9912580143084239,0.4956244503162988
Broadleaf Marsh,2024,0.4270133658668544,0.7138821929992094,0.5156879475320263,0.21895802989291913,0.5463941201756176,0.502486787738982,0.8492946938893305,0.9317853222409335,0.5719619681275917
Broadleaf Marsh,2025,0.4151760107408238,0.8317808991767353,0.4495320977340904,0.2669148997707412,0.5290810347176397,0.8629769189871631,0.58980948626447,0.9643482449162083,0.9099889465390995
Bulrush,2023,0.057140547211293295,0.3036642703702127,0.07093588218388537,0.010480408654643112,0.0900053507953514,0.1548743371038341,0.47847322710303053,0.40455214191379385,0.17675737536019243
Bulrush,2024,0.14310777627831336,0.40704476255370703,0.1835523582498106,0.04909997388997745,0.196670996695152,0.315263820821468,0.4240673156190414,0.502199154991363,0.3866487587829559
Bulrush,2025,0.2084204196505318,0.4872502310620339,0.26007165690486844,0.0853235701767384,0.27986603186998843,0.2880688847359487,0.6224232559619868,0.648385426038139,0.3901233575120613
Cattail,2023,0.4528311589214204,0.8149734221212768,0.4605692971022471,0.31353169341530013,0.5843924862467138,0.8617136361091697,0.5485493020972184,0.9364785961652107,0.9131521541135085
Cattail,2024,0.4195191489050371,0.7827237440327812,0.4024785551477985,0.3089191423505189,0.5471597492167938,0.9218685594781673,0.40272991298602434,0.8553625813464577,0.9509339223204755
Cattail,2025,0.4103690971725893,0.768236244781857,0.40332358543442925,0.29291271075705616,0.5348709953262824,1.0,0.2768554616630585,0.7960895174643696,1.0
Floating Leaf Marsh,2023,0.6660463659006121,0.06732587275698829,0.7608747856777509,0.6241930568282094,0.6130712551958758,0.0,0.16687129291750857,0.07857906402802387,0.02385313408242071
Floating Leaf Marsh,2024,0.6603887190796943,0.02352212230914669,0.7714582431222866,0.5841001144057332,0.6256077997110631,0.014042760402862888,0.08004572883372388,0.0,0.0
Floating Leaf Marsh,2025,0.6076046732190353,0.2827665076684036,0.7206931906070644,0.49201065862355237,0.6101101704264891,0.15358077320805766,0.36874754970102147,0.36723737894235015,0.24150032882218517
Low Growing Emergent Marsh,2023,0.9888269689048864,0.7905448579482042,0.9999290995581052,0.9768099387673681,0.9897418683891859,0.8111357290099347,0.5456662249714997,0.9177268022029513,0.887650675608431
Low Growing Emergent Marsh,2024,1.0,0.8012130966946004,1.0,1.0,1.0,0.8401920831061006,0.5360768865586142,0.9226883001900479,0.9058951169236388
Low Growing Emergent Marsh,2025,0.8547615409047452,0.8582839511549403,0.897515042676015,0.8230122253375008,0.8437573547007196,0.979035456782491,0.5009720984477712,0.956496172026718,0.9966320773627806
Maidencane Egyptian Paspalidium,2023,0.05948757930397541,0.3302587496832915,0.07809071508643656,0.007119571100748366,0.09325245172474132,0.3046604462010095,0.26622710187736986,0.3781241194930729,0.37202333116171377
Maidencane Egyptian Paspalidium,2024,0.057805535266386356,0.36957162763395746,0.0733470322372526,0.015000714786134744,0.08506885877577175,0.4404327403565381,0.14942771918614273,0.38150730988353027,0.5069187411096187
Maidencane Egyptian Paspalidium,2025,0.058818758330912164,0.275814358790927,0.05512299470691387,0.034826497829547505,0.08650678245627512,0.2402034617374433,0.24991907656331938,0.316827231101613,0.29630766576133216
Phragmites,2023,0.5322240007196054,0.6823295597533161,0.5937658337593396,0.4012473029560421,0.6016588654434345,0.4670639437575197,0.7693574754588333,0.8924174677186714,0.6004793520782401
Phragmites,2024,0.5645522213216688,0.7382594847502578,0.6067130868497148,0.43388362984017775,0.6530599472751137,0.6415550398060812,0.660384996812126,0.9071077969429203,0.7439901054399038
Phragmites,2025,0.6596647777480404,0.847746409650753,0.7016935440287067,0.552017749159676,0.7252830400557385,0.96010490790518,0.4999840747937982,0.9472778255992871,0.9836188303047464
Sawgrass,2023,0.4370316850826126,0.6181027322963825,0.5314258657560964,0.26135438693656043,0.5183148025551808,0.5183578157574474,0.6248177240908943,0.7643160611676256,0.5649193281695625
Sawgrass,2024,0.4431112144920686,0.6527158917614118,0.5036713889721298,0.2880694039888092,0.5375928505152667,0.6863746725688541,0.46003209274117607,0.7454325239326697,0.7190242778029473
Sawgrass,2025,0.49510804743721887,0.7182479605705556,0.5453238104063169,0.34977095883128023,0.5902293730740594,0.948107972123051,0.22762857394287836,0.7354323032372146,0.9618229929790784
Shrub Swamp,2023,0.7003175571949681,0.8098285081520864,0.7951255912373297,0.4804513966318082,0.8253756837157668,0.9325134608603372,0.44726316249419823,0.8959439252927298,0.9635934839610801
Shrub Swamp,2024,0.662217208589951,0.8167666884609138,0.7425966742154042,0.4682301976001675,0.7758247539542814,0.9378244291328705,0.4569754646406471,0.9052361619690024,0.9670306981011354
Shrub Swamp,2025,0.761913577451939,0.7893384777344867,0.8623838897006014,0.5592541968141781,0.8641026458410375,0.9411207264488373,0.3909469588720766,0.8576953879833511,0.9675908376336817
Spikerush,2023,0.10146583259761606,0.1778107574142163,0.15911987005099748,0.029565388080989703,0.115712239660861,0.1780565657522116,0.21507616670976773,0.1849583087300271,0.13315198846485882
Spikerush,2024,0.13522619977204509,0.241925285824741,0.16027817748741938,0.0689706184561174,0.1764298033725985,0.31726965440956734,0.1437711016659492,0.2281712501712977,0.27848913705214967
Spikerush,2025,0.2695942483796791,0.46311847783322124,0.2845431784458282,0.1418534952668647,0.3823860714263443,0.476296925076685,0.32365477444266055,0.5228087252107516,0.5297134866027878
Torpedograss,2023,0.27565740395883737,0.540114019864069,0.3292118122321364,0.1371879324043686,0.36057246724000713,0.41507645678848987,0.639281689761543,0.6824913913052232,0.4236065416010203
Torpedograss,2024,0.26861477438320636,0.5835173075620759,0.2753379565757722,0.17023487296302584,0.36027149361082106,0.6633633052964725,0.37639856219873474,0.6414959956689134,0.6528113670841832
Torpedograss,2025,0.3373265017086438,0.6608557119999489,0.34264202908446706,0.215327015528089,0.4540104605133755,0.8220614790138221,0.30428102372352916,0.697875466891224,0.8192048783712201
Willow,2023,0.643644487007825,0.8193582404266789,0.773627551814357,0.4685052706922448,0.6888006385168729,0.7367937926975475,0.7139700454758922,1.0,0.8266691235332759
Willow,2024,0.6246862265660736,0.8179174581046094,0.733900051934557,0.46520876009115,0.6749498676725142,0.7629098994476232,0.6784997649004241,0.9858529157427401,0.84440725232765
Willow,2025,0.6612728691277606,0.8485698316323997,0.7514930223060923,0.5112405739715868,0.7210850111056025,0.8919328236223554,0.5854841758022639,0.9792537807881964,0.9376085463167831
